Acc. Mean,Acc. Var,Acc. Std,Confidence Lower Bound,Confidence Upper Bound
64.61152882205513,3.059026011143129,1.7490071501120654,63.0784846313523,66.14457301275797
