Acc. Mean,Acc. Var,Acc. Std,Confidence Lower Bound,Confidence Upper Bound
75.82278613199666,1.2447568508782414,1.1156867171738853,74.93006723405756,76.71550502993577
